Wall time,Epoch,Accuracy
1724395227.9654524,0,0.49611157178878784
1724395264.5414345,1,0.5033521056175232
1724395301.7363248,2,0.5762938857078552
1724395338.6526,3,0.6015017628669739
1724395375.480105,4,0.6983105540275574
1724395412.6105046,5,0.7320997714996338
1724395449.336278,6,0.7412174940109253
1724395486.6090527,7,0.7583802342414856
1724395523.6798663,8,0.764011800289154
1724395560.368405,9,0.7782247066497803
1724395597.1777894,10,0.7902923226356506
1724395634.4983578,11,0.8047733902931213
1724395671.4306402,12,0.81523197889328
1724395708.163875,13,0.8211316466331482
1724395745.2108002,14,0.8112094402313232
1724395781.71855,15,0.8262268900871277
1724395818.6384003,16,0.8297130465507507
1724395855.8249555,17,0.8281040787696838
1724395892.8155296,18,0.8307857513427734
1724395930.2689831,19,0.8262268900871277
1724395967.7895315,20,0.8321265578269958
1724396004.4172442,21,0.8366854190826416
1724396041.2307138,22,0.8382944464683533
1724396077.8359609,23,0.8361490964889526
1724396117.3368478,24,0.8468758463859558
1724396156.4330266,25,0.8358809351921082
1724396195.098604,26,0.848753035068512
1724396234.4847443,27,0.8557254076004028
1724396274.2305703,28,0.8570662140846252
1724396312.855888,29,0.8605524301528931
1724396351.1669846,30,0.81523197889328
1724396389.6508682,31,0.8675248026847839
1724396427.007195,32,0.857602596282959
1724396464.1401246,33,0.8506302237510681
1724396501.1804085,34,0.8661839365959167
1724396537.5148375,35,0.8645749688148499
1724396574.5044062,36,0.870474636554718
1724396611.3002427,37,0.8651112914085388
1724396647.6732938,38,0.8482166528701782
1724396684.246737,39,0.8761062026023865
1724396720.471416,40,0.8629659414291382
1724396757.5623941,41,0.8787878751754761
1724396797.0166502,42,0.8683292865753174
1724396833.963271,43,0.8651112914085388
1724396870.6579592,44,0.8812013864517212
1724396907.8554606,45,0.8750334978103638
1724396944.7705507,46,0.8613569140434265
1724396981.4814196,47,0.8838830590248108
1724397018.4429774,48,0.8836148977279663
1724397054.6585782,49,0.8739608526229858
1724397089.9297688,50,0.8865647912025452
1724397125.3555024,51,0.8747653365135193
1724397160.4143074,52,0.8879055976867676
1724397195.6564722,53,0.8755698800086975
1724397230.647577,54,0.8857602477073669
1724397265.4695902,55,0.8833467364311218
1724397300.361504,56,0.8694019913673401
1724397335.401812,57,0.8836148977279663
1724397370.284933,58,0.8857602477073669
