Wall time,Epoch,Accuracy
1724675738.243261,0,0.6170098781585693
1724675812.8144107,1,0.6472318768501282
1724675884.330241,2,0.7320138812065125
1724675948.1560724,3,0.7825621962547302
1724676015.2198105,4,0.8098422288894653
1724676079.9268465,5,0.800748884677887
1724676144.3108587,6,0.8496924042701721
1724676209.537253,7,0.8507622480392456
1724676281.8571162,8,0.8761700987815857
1724676353.6762514,9,0.8793795108795166
1724676423.031676,10,0.864669680595398
1724676488.5039687,11,0.866541862487793
1724676553.4211433,12,0.8839262127876282
1724676618.0548263,13,0.8689489364624023
1724676682.5527306,14,0.9015779495239258
1724676747.0194805,15,0.9015779495239258
1724676811.7257743,16,0.898635983467102
1724676883.4794672,17,0.905589759349823
1724676949.6505625,18,0.897031307220459
1724677015.1070263,19,0.8978336453437805
1724677081.6703513,20,0.9079967737197876
1724677147.3937242,21,0.9120085835456848
1724677211.9700558,22,0.9023802876472473
1724677280.1697211,23,0.9010430574417114
1724677359.0106657,24,0.895159125328064
1724677423.1609306,25,0.9071944355964661
1724677488.3355064,26,0.9079967737197876
1724677557.915654,27,0.9109387397766113
1724677621.8955092,28,0.9112061858177185
1724677684.708684,29,0.9160203337669373
1724677749.822357,30,0.9013105034828186
1724677815.1036544,31,0.9050548076629639
1724677877.4694097,32,0.9186948537826538
1724677940.5813704,33,0.905589759349823
1724678004.4599507,34,0.9077293276786804
1724678066.770783,35,0.9184274077415466
1724678130.8873985,36,0.9098689556121826
1724678198.3937244,37,0.9098689556121826
1724678275.1054928,38,0.912276029586792
1724678342.3974962,39,0.9264509081840515
1724678406.5005813,40,0.9186948537826538
1724678472.2939956,41,0.9152179956436157
1724678536.57104,42,0.8935544490814209
1724678600.6241028,43,0.9045199155807495
1724678664.9175382,44,0.9269858002662659
1724678729.4320815,45,0.9181599617004395
1724678794.0077314,46,0.9160203337669373
1724678858.3423555,47,0.9077293276786804
1724678923.015245,48,0.912276029586792
1724678985.3297827,49,0.9227066040039062
1724679046.9565265,50,0.9141481518745422
1724679109.78732,51,0.9211019277572632
1724679174.1863315,52,0.9285905361175537
1724679238.96213,53,0.9232414960861206
1724679303.5232272,54,0.8991708755493164
1724679369.069315,55,0.9243113398551941
1724679434.2237055,56,0.9347419142723083
1724679499.1860948,57,0.9358116984367371
1724679565.8559666,58,0.9384862184524536
