Wall time,Epoch,Accuracy
1724655428.4856215,0,0.5782294869422913
1724655485.2703693,1,0.6573950052261353
1724655542.3759115,2,0.6892217397689819
1724655600.583939,3,0.7341535091400146
1724655658.187548,4,0.7673174738883972
1724655715.3735545,5,0.7865739464759827
1724655772.7372992,6,0.7991441488265991
1724655830.2660673,7,0.815726101398468
1724655888.204131,8,0.8435410261154175
1724655945.6714566,9,0.8443434238433838
1724656003.2930958,10,0.8534367680549622
1724656060.8116028,11,0.8496924042701721
1724656118.2481797,12,0.8724257946014404
1724656175.6137834,13,0.8585183024406433
1724656233.3173525,14,0.8756352066993713
1724656291.2559857,15,0.8839262127876282
1724656348.4843407,16,0.8718909025192261
1724656406.009013,17,0.8879379630088806
1724656463.6996188,18,0.8812516927719116
1724656521.3926566,19,0.8828563690185547
1724656578.882632,20,0.8922171592712402
1724656636.1723988,21,0.8882054090499878
1724656693.3347683,22,0.8959614634513855
1724656749.9242666,23,0.8825889229774475
1724656804.7025707,24,0.8983685374259949
1724656859.3670135,25,0.8914148211479187
1724656913.5802524,26,0.8983685374259949
1724656967.8447294,27,0.8940893411636353
1724657023.9191134,28,0.8946242332458496
1724657079.2039683,29,0.8948916792869568
1724657134.303704,30,0.890077531337738
1724657189.6982994,31,0.8847285509109497
1724657245.2126107,32,0.8954265713691711
1724657300.662697,33,0.8940893411636353
1724657356.2439597,34,0.8994383811950684
1724657411.9151385,35,0.8962289094924927
1724657467.6264696,36,0.8911473751068115
1724657523.7656143,37,0.8866006731987
1724657579.8265338,38,0.8809842467308044
1724657636.96291,39,0.9045199155807495
1724657694.1687138,40,0.8999732732772827
1724657751.8712444,41,0.8981010913848877
1724657811.513739,42,0.8975661993026733
1724657870.3425598,43,0.8964964151382446
1724657928.686061,44,0.9066595435142517
1724657987.6046984,45,0.9096015095710754
1724658045.9757836,46,0.9082642197608948
1724658105.111743,47,0.9114736318588257
1724658164.6061683,48,0.9154854416847229
1724658223.056641,49,0.9125434756278992
1724658281.1446602,50,0.9165552258491516
1724658338.744434,51,0.9120085835456848
1724658396.416362,52,0.9136132597923279
1724658454.2638702,53,0.9146830439567566
1724658512.1211653,54,0.9128109216690063
1724658569.5528474,55,0.9146830439567566
1724658627.3074944,56,0.9157528877258301
1724658684.7744706,57,0.9160203337669373
1724658742.3015015,58,0.9160203337669373
